Internal ID,Name,Display Name,Description,Product Group,Product Type,Class,Sub Category,Sub Category,Collection,Brand Name,Collection Name
121930,GH250196,Thos Teak Coffee Table - natural,Thos Teak Coffee Table - natural,Accents,Coffee Tables,Close-Out,Outdoor Furniture,Outdoor Furniture,Bainbridge,Thos Baker,Bainbridge
121805,GH250198,Thos Teak Side Table - natural,Thos Teak Side Table - natural,Accents,Side Tables,Active,Outdoor Furniture,Outdoor Furniture,Bainbridge,Thos Baker,Bainbridge
121931,GH250201,Thos Teak Coffee Table - weathered,Thos Teak Coffee Table - weathered,Accents,Coffee Tables,Close-Out,Outdoor Furniture,Outdoor Furniture,Bainbridge,Thos Baker,Bainbridge
118120,GH250207,Bainbridge Adirondack footstool - weathered,Bainbridge Adirondack footstool - weathered,Seating,Ottomans,Active,Outdoor Furniture,Outdoor Furniture,Bainbridge,Thos Baker,Bainbridge
118121,GH250208,Bainbridge Adirondack Chair - weathered,Bainbridge Adirondack Chair - weathered,Seating,Club Chairs,Active,Outdoor Furniture,Outdoor Furniture,Bainbridge,Thos Baker,Bainbridge
118122,GH250209,Bainbridge Adirondack footstool - natural,Bainbridge Adirondack footstool - natural,Seating,Ottomans,Active,Outdoor Furniture,Outdoor Furniture,Bainbridge,Thos Baker,Bainbridge
111837,GH250227,Palms Bar Stools - pair,Palms Bar Stools - pair,Dining,Bar Stools,Active,Outdoor Furniture,Outdoor Furniture,Palms,Thos Baker,Palms
121806,GH250228,Palms Waveloungers - pair - frame,Palms Waveloungers - pair - frame,Seating,Chaise Lounges,Active,Outdoor Furniture,Outdoor Furniture,Palms,Thos Baker,Palms
111840,GH250232,Palms Cushion Box,Palms Cushion Box,Accents,Cushion Storage,Active,Outdoor Furniture,Outdoor Furniture,Palms,Thos Baker,Palms
111831,GH250235,Palms Side Table,Palms Side Table,Accents,Side Tables,Active,Outdoor Furniture,Outdoor Furniture,Palms,Thos Baker,Palms
118116,GH250259,Veranda Bar Table,Veranda Bar Table,Dining,Bar Tables,Active,Outdoor Furniture,Outdoor Furniture,Veranda,Thos Baker,Veranda
118128,GH250262,Veranda Square Coffee Table,Veranda Square Coffee Table,Accents,Coffee Tables,Active,Outdoor Furniture,Outdoor Furniture,Veranda,Thos Baker,Veranda
118127,GH250263,Veranda Rectangular Coffee Table,Veranda Rectangular Coffee Table,Accents,Coffee Tables,Active,Outdoor Furniture,Outdoor Furniture,Veranda,Thos Baker,Veranda
118129,GH250264,Veranda Rectangular Dining Table,Veranda Rectangular Dining Table,Dining,Dining Tables,Active,Outdoor Furniture,Outdoor Furniture,Veranda,Thos Baker,Veranda
118103,GH250265,Veranda Ottoman - frame,Veranda Ottoman - frame,Seating,Ottomans,Active,Outdoor Furniture,Outdoor Furniture,Veranda,Thos Baker,Veranda
118111,GH250268,Veranda Side Table,Veranda Side Table,Accents,Side Tables,Active,Outdoor Furniture,Outdoor Furniture,Veranda,Thos Baker,Veranda
111807,GH251182,Veranda Ottoman cushion - Canvas White,Veranda Ottoman cushion - Canvas White,Custom Cushions,Custom Cushions,Active,Textiles,Textiles,Veranda,,Veranda
118130,GH251220,Veranda Round Dining Table,Veranda Round Dining Table,Dining,Dining Tables,Active,Outdoor Furniture,Outdoor Furniture,Veranda,Thos Baker,Veranda
118012,GH251222,Teak Serving Table,Teak Serving Table,Accents,Console Tables,Active,Outdoor Furniture,Outdoor Furniture,Bainbridge,Thos Baker,Bainbridge
118126,GH251223,Bainbridge Classic Steamer Chair - frame,Bainbridge Classic Steamer Chair - frame,Seating,Chaise Lounges,Active,Outdoor Furniture,Outdoor Furniture,Bainbridge,Thos Baker,Bainbridge
118123,GH251224,Bainbridge Adirondack Chair - Natural,Bainbridge Adirondack Chair - Natural,Seating,Club Chairs,Active,Outdoor Furniture,Outdoor Furniture,Bainbridge,Thos Baker,Bainbridge
118124,GH251225,Thos Teak Side Table - natural-b,Thos Teak Side Table - natural,Accents,Side Tables,Active,Outdoor Furniture,Outdoor Furniture,Bainbridge,Thos Baker,Bainbridge
118125,GH251226,Thos Teak Side Table - weathered,Thos Teak Side Table - weathered,Accents,Side Tables,Active,Outdoor Furniture,Outdoor Furniture,Bainbridge,Thos Baker,Bainbridge
111838,GH251290,Palms Wavelounger - frame,Palms Wavelounger - frame,Seating,Chaise Lounges,Active,Outdoor Furniture,Outdoor Furniture,Palms,Thos Baker,Palms
111839,GH251291,Palms Coffee Table,Palms Coffee Table,Accents,Coffee Tables,Active,Outdoor Furniture,Outdoor Furniture,Palms,Thos Baker,Palms
118011,GH251764,Thos Baker Teak Rectangular Dining Table - weathered,Thos Baker Teak Rectangular Dining Table - weathered,Dining,Dining Tables,Close-Out,Outdoor Furniture,Outdoor Furniture,Bainbridge,Thos Baker,Bainbridge
121804,GH252571,Bainbridge Classic Steamer Chair with White Cushion,Bainbridge Classic Steamer Chair with White Cushion,Seating,Chaises,Active,Outdoor Furniture,Outdoor Furniture,Bainbridge,Thos Baker,Bainbridge
118060,GH253286,"Gracious Sleep Heritage Plush 12"" Mattress - TWIN","Gracious Sleep Heritage Plush 12"" Mattress - TWIN",Mattresses,,Active,Gracious Sleep,Gracious Sleep,,Thos Baker,
118454,GH253287,Gracious Sleep Heritage - Box Spring - TWIN,Gracious Sleep Heritage - Box Spring - TWIN,Mattresses,,Active,Gracious Sleep,Gracious Sleep,,Thos Baker,
118455,GH253288,"Gracious Sleep Heritage Plush 12"" Mattress TWIN XL","Gracious Sleep Heritage Plush 12"" Mattress TWIN XL",Mattresses,,Active,Gracious Sleep,Gracious Sleep,,Thos Baker,
118456,GH253289,Gracious Sleep Heritage Box Spring - TWIN XL,Gracious Sleep Heritage Box Spring - TWIN XL,Mattresses,,Active,Gracious Sleep,Gracious Sleep,,Thos Baker,
118457,GH253290,"Gracious Home Heritage Plush 12"" Mattress - FULL","Gracious Home Heritage Plush 12"" Mattress - FULL",Mattresses,,Active,Gracious Sleep,Gracious Sleep,,Thos Baker,
118459,GH253291,Gracious Sleep Heritage Box Spring - FULL,Gracious Sleep Heritage Box Spring - FULL,Mattresses,,Active,Gracious Sleep,Gracious Sleep,,Thos Baker,
118458,GH253292,"Gracious Sleep Heritage Plush 12"" Mattress - QUEEN","Gracious Sleep Heritage Plush 12"" Mattress - QUEEN",Mattresses,,Active,Gracious Sleep,Gracious Sleep,,Thos Baker,
118460,GH253293,Gracious Sleep Heritage Box Spring - QUEEN,Gracious Sleep Heritage Box Spring - QUEEN,Mattresses,,Active,Gracious Sleep,Gracious Sleep,,Thos Baker,
118461,GH253294,"Gracious Sleep Heritage 12"" Plush Mattress - KING","Gracious Sleep Heritage 12"" Plush Mattress - KING",Mattresses,,Active,Gracious Sleep,Gracious Sleep,,Thos Baker,
118462,GH253295,Gracious Sleep Heritage Box Spring - KING,Gracious Sleep Heritage Box Spring - KING,Mattresses,,Active,Gracious Sleep,Gracious Sleep,,Thos Baker,
118463,GH253297,"Gracious Sleep Heritage 12"" Plush Mattress - CAL King","Gracious Sleep Heritage 12"" Plush Mattress - CAL King",Mattresses,,Active,Gracious Sleep,Gracious Sleep,,Thos Baker,
118464,GH253298,Gracious Sleep Heritage Box Spring - Cal KING,Gracious Sleep Heritage Box Spring - Cal KING,Mattresses,,Active,Gracious Sleep,Gracious Sleep,,Thos Baker,
118471,GH253619,Motion Base G94 - Twin,Motion Base G94 - Twin,Bases,Adjustable,Active,Gracious Sleep,Gracious Sleep,,Thos Baker,
118472,GH253620,Motion Base G94 - Twin XL,Motion Base G94 - Twin XL,Bases,Adjustable,Active,Gracious Sleep,Gracious Sleep,,Thos Baker,
118473,GH253621,Motion Base G94 - Full,Motion Base G94 - Full,Bases,Adjustable,Active,Gracious Sleep,Gracious Sleep,,Thos Baker,
118474,GH253622,Motion Base G94 - Queen,Motion Base G94 - Queen,Bases,Adjustable,Active,Gracious Sleep,Gracious Sleep,,Thos Baker,
118475,GH253623,Motion Base G94 - Split CAL K,Motion Base G94 - Split CAL K,Bases,Adjustable,Active,Gracious Sleep,Gracious Sleep,,Thos Baker,
112634,GH255815,"18"" Pillow - 614 Rain Citrus - knife edge","18"" Pillow - 614 Rain Citrus - knife edge",Textiles,Throw Pillows,Close-Out,Outdoor Accessories,Outdoor Accessories,,Thos Baker,
112636,GH255816,"18"" Pillow - 06 Interactive Citrus - knife edge","18"" Pillow - 06 Interactive Citrus - knife edge",Textiles,Throw Pillows,Close-Out,Outdoor Accessories,Outdoor Accessories,,Thos Baker,
112635,GH255817,"18"" Pillow - 167 Forsythia Spring - knife edge","18"" Pillow - 167 Forsythia Spring - knife edge",Textiles,Throw Pillows,Close-Out,Outdoor Accessories,Outdoor Accessories,,Thos Baker,
112637,GH255818,"18"" Pillows - 398 Marais II Spring - knife edge","18"" Pillows - 398 Marais II Spring - knife edge",Textiles,Throw Pillows,Close-Out,Outdoor Accessories,Outdoor Accessories,,Thos Baker,
112639,GH255819,"18"" Pillow - 11 Highland Stripe Citrus Â - knife edge","18"" Pillow - 11 Highland Stripe Citrus Â - knife edge",Textiles,Throw Pillows,Close-Out,Outdoor Accessories,Outdoor Accessories,,Thos Baker,
112638,GH255820,"18"" Pillow - 613 Rain Flash Tangerine - knife edge","18"" Pillow - 613 Rain Flash Tangerine - knife edge",Textiles,Throw Pillows,Close-Out,Outdoor Accessories,Outdoor Accessories,,Thos Baker,
112640,GH255821,"18"" Pillow - 57 Interactive Tangerine - knife edge","18"" Pillow - 57 Interactive Tangerine - knife edge",Textiles,Throw Pillows,Close-Out,Outdoor Accessories,Outdoor Accessories,,Thos Baker,
112641,GH255822,"18"" Pillow - 331 Guardian Tangerine - knife edge","18"" Pillow - 331 Guardian Tangerine - knife edge",Textiles,Throw Pillows,Close-Out,Outdoor Accessories,Outdoor Accessories,,Thos Baker,
112642,GH255823,"18"" Pillow - 356 Impromptu Sunset - knife edge","18"" Pillow - 356 Impromptu Sunset - knife edge",Textiles,Throw Pillows,Close-Out,Outdoor Accessories,Outdoor Accessories,,Thos Baker,
112643,GH255824,"18"" Pillow - 417 Trop Silhouette Midnight - knife edge","18"" Pillow - 417 Trop Silhouette Midnight - knife edge",Textiles,Throw Pillows,Close-Out,Outdoor Accessories,Outdoor Accessories,,Thos Baker,
112644,GH255825,"18"" Pillow - 425 Zebra II Midnight - knife edge","18"" Pillow - 425 Zebra II Midnight - knife edge",Textiles,Throw Pillows,Close-Out,Outdoor Accessories,Outdoor Accessories,,Thos Baker,
112645,GH255826,"18"" Pillow - 397 Madura Shadow - knife edge","18"" Pillow - 397 Madura Shadow - knife edge",Textiles,Throw Pillows,Close-Out,Outdoor Accessories,Outdoor Accessories,,Thos Baker,
112646,GH255827,"18"" Pillow - 634 Tropics Sage - knife edge","18"" Pillow - 634 Tropics Sage - knife edge",Textiles,Throw Pillows,Close-Out,Outdoor Accessories,Outdoor Accessories,,Thos Baker,
112649,GH255828,"18"" Pillow - TB67 Cast Oasis - knife edge","18"" Pillow - TB67 Cast Oasis - knife edge",Textiles,Throw Pillows,Close-Out,Outdoor Accessories,Outdoor Accessories,,Thos Baker,
112648,GH255829,"18"" Pillow - TB69 Hybrid Sky - knife edge","18"" Pillow - TB69 Hybrid Sky - knife edge",Textiles,Throw Pillows,Close-Out,Outdoor Accessories,Outdoor Accessories,,Thos Baker,
112647,GH255830,"18"" Pillow - 39 Crimson - knife edge","18"" Pillow - 39 Crimson - knife edge",Textiles,Throw Pillows,Close-Out,Outdoor Accessories,Outdoor Accessories,,Thos Baker,
112650,GH255831,"18"" Pillow - 68 Cabana Stripe Cherry - knife edge","18"" Pillow - 68 Cabana Stripe Cherry - knife edge",Textiles,Throw Pillows,Close-Out,Outdoor Accessories,Outdoor Accessories,,Thos Baker,
112651,GH255832,"18"" Pillow - 448 Porter Stripe Flamingo - knife edge","18"" Pillow - 448 Porter Stripe Flamingo - knife edge",Textiles,Throw Pillows,Close-Out,Outdoor Accessories,Outdoor Accessories,,Thos Baker,
112652,GH255833,"18"" Pillow - 62 Soulmate Tulip - knife edge","18"" Pillow - 62 Soulmate Tulip - knife edge",Textiles,Throw Pillows,Close-Out,Outdoor Accessories,Outdoor Accessories,,Thos Baker,
112654,GH255836,"18"" Pillow - 470 Zen Navy - knife edge","18"" Pillow - 470 Zen Navy - knife edge",Textiles,Throw Pillows,Close-Out,Outdoor Accessories,Outdoor Accessories,,Thos Baker,
112655,GH255837,"18"" Pillow - 459 Linen Emerald - knife edge","18"" Pillow - 459 Linen Emerald - knife edge",Textiles,Throw Pillows,Close-Out,Outdoor Accessories,Outdoor Accessories,,Thos Baker,
112657,GH255838,"18"" Pillow - 438 Cabana Stripe Emerald - knife edge","18"" Pillow - 438 Cabana Stripe Emerald - knife edge",Textiles,Throw Pillows,Close-Out,Outdoor Accessories,Outdoor Accessories,,Thos Baker,
112658,GH255839,"18"" Pillow - 414 Tropical Silhouette Emerald - knife edge","18"" Pillow - 414 Tropical Silhouette Emerald - knife edge",Textiles,Throw Pillows,Close-Out,Outdoor Accessories,Outdoor Accessories,,Thos Baker,
112659,GH255840,"18"" Pillow - 367 Bevel Emerald - knife edge","18"" Pillow - 367 Bevel Emerald - knife edge",Textiles,Throw Pillows,Close-Out,Outdoor Accessories,Outdoor Accessories,,Thos Baker,
114033,GH257226,"24"" Pillow - Dash Stripe Mustard - no welt","24"" Pillow - Dash Stripe Mustard - no welt",Textiles,Throw Pillows,Active,Outdoor Accessories,Outdoor Accessories,,Thos Baker,
114034,GH257227,"22"" Pillow - Kilim - Mustard w Pewter Velvet back","22"" Pillow - Kilim - Mustard w Pewter Velvet back",Textiles,Throw Pillows,Active,Outdoor Accessories,Outdoor Accessories,,Thos Baker,
114035,GH257228,"22"" Pillow - Mandla - Pewter w Linen Snow back and welt","22"" Pillow - Mandla - Pewter w Linen Snow back and welt",Textiles,Throw Pillows,Active,Outdoor Accessories,Outdoor Accessories,,Thos Baker,
114036,GH257229,"24"" Pillow - Arbor Mustard - welt W6457","24"" Pillow - Arbor Mustard - welt W6457",Textiles,Throw Pillows,Active,Outdoor Accessories,Outdoor Accessories,,Thos Baker,
114037,GH257230,"14"" x 24"" Lumbar Pillow - Kilim - Mustard w pewter velvet back - welt kilim","14"" x 24"" Lumbar Pillow - Kilim - Mustard w pewter velvet back - welt kilim",Textiles,Throw Pillows,Active,Outdoor Accessories,Outdoor Accessories,,Thos Baker,
114038,GH257231,"22"" Pillow - Dash stripe mustard - no welt","22"" Pillow - Dash stripe mustard - no welt",Textiles,Throw Pillows,Active,Outdoor Accessories,Outdoor Accessories,,Thos Baker,
114040,GH257232,"22"" Pillow - Oushak Terra Cotta / Linen Dove back - welt 101","22"" Pillow - Oushak Terra Cotta / Linen Dove back - welt 101",Textiles,Throw Pillows,Active,Outdoor Accessories,Outdoor Accessories,,Thos Baker,
114041,GH257233,"22"" Pillow - Calmer Terra Cotta / Rollo Silver back - welt 3068","22"" Pillow - Calmer Terra Cotta / Rollo Silver back - welt 3068",Textiles,Throw Pillows,Active,Outdoor Accessories,Outdoor Accessories,,Thos Baker,
114039,GH257234,"20"" Pillow - Cheetah Terra Cotta w Terra Cotta Velvet back - welt 4076","20"" Pillow - Cheetah Terra Cotta w Terra Cotta Velvet back - welt 4076",Textiles,Throw Pillows,Active,Outdoor Accessories,Outdoor Accessories,,Thos Baker,
114042,GH257235,"18"" Pillow - Endure Velvet Pewter - welt 571","18"" Pillow - Endure Velvet Pewter - welt 571",Textiles,Throw Pillows,Active,Outdoor Accessories,Outdoor Accessories,,Thos Baker,
114043,GH257236,"20"" Pillow - Oushak Terra Cotta w Linen Dove back - welt 101","20"" Pillow - Oushak Terra Cotta w Linen Dove back - welt 101",Textiles,Throw Pillows,Active,Outdoor Accessories,Outdoor Accessories,,Thos Baker,
114044,GH257237,"Knotty Almond Rug Â - 7'10""x9'10"" - Stone / Almond","Knotty Almond Rug  - 7'10""x9'10"" - Stone / Almond",Textiles,Rugs,Active,Outdoor Accessories,Outdoor Accessories,,Thos Baker,
114046,GH257238,"Tiny Diamond Dove Rug - 7'10""x 9'10"" - Light grey / White","Tiny Diamond Dove Rug - 7'10""x 9'10"" - Light grey / White",Textiles,Rugs,Active,Outdoor Accessories,Outdoor Accessories,,Thos Baker,
114045,GH257239,"Rug Pad - 7'10"" x 9'10""","Rug Pad - 7'10"" x 9'10""",Textiles,Rugs,Active,Outdoor Accessories,Outdoor Accessories,,Thos Baker,
137147,GHORNTD1736,"Kurt S Adler 4.5-6.5""DEER/BEAR/SNWN MARSHMALLOW","Kurt S Adler 4.5-6.5""DEER/BEAR/SNWN MARSHMALLOW",Christmas,Stockings,Active,Holiday,Holiday,Traditional,Kurt S Adler,Traditional
139695,TB2SOFPAL2085,Palms Sofa w Cushion,Palms Sofa w Cushion,Seating,Sofas,Active,Outdoor Furniture,Outdoor Furniture,,,
139688,TB2SOFVER2085,Veranda 2 Seat Sofa w Cushion,Veranda 2 Seat Sofa w Cushion,Seating,Sofas,Active,Outdoor Furniture,Outdoor Furniture,,,
139707,TB3SOFAZZ77N,Azza Sofa w White Cushions,Azza Sofa w White Cushions,Seating,Sofas,Active,Outdoor Furniture,Outdoor Furniture,,,
139719,TB3SOFMIA77N,Mia 3 Seat Sofa w Cushions,Mia 3 Seat Sofa w Cushions,Seating,Sofas,Active,Outdoor Furniture,Outdoor Furniture,,,
139713,TB3SOFSON2085,Sonoma 3 Seat Sofa w Cushion,Sonoma 3 Seat Sofa w Cushion,Seating,Sofas,Active,Outdoor Furniture,Outdoor Furniture,,,
139689,TB3SOFVER2085,Veranda 3 Seat Sofa w Cushion,Veranda 3 Seat Sofa w Cushion,Seating,Sofas,Active,Outdoor Furniture,Outdoor Furniture,,,
139712,TBACHRAZZ77N,Azza Dining Chair w White Cushion,Azza Dining Chair w White Cushion,Dining,Dining Arm Chairs,Active,Outdoor Furniture,Outdoor Furniture,,,
139724,TBACHRMIA77N,Mia Arm Chair w Cushion,Mia Arm Chair w Cushion,Dining,Dining Arm Chairs,Active,Outdoor Furniture,Outdoor Furniture,,,
139703,TBACHRPAL2085,Palms Arm Chair w Cushion,Palms Arm Chair w Cushion,Dining,Dining Arm Chairs,Active,Outdoor Furniture,Outdoor Furniture,,,
139718,TBACHRSON2085,Sonoma Dining Chair - w Cushion,Sonoma Dining Chair - w Cushion,Dining,Dining Arm Chairs,Active,Outdoor Furniture,Outdoor Furniture,,,
139691,TBACHRVER2085,Veranda Arm Chair w Cushion,Veranda Arm Chair w Cushion,Dining,Dining Arm Chairs,Active,Outdoor Furniture,Outdoor Furniture,,,
139699,TBALSPAL2085,Palms Armless Loveseat w Cushion,Palms Armless Loveseat w Cushion,Seating,Sectionals,Active,Outdoor Furniture,Outdoor Furniture,,,
139692,TBBSTLVER2085,Veranda Bar Stool w Cushion,Veranda Bar Stool w Cushion,Dining,Bar Stools,Active,Outdoor Furniture,Outdoor Furniture,,,
139709,TBCHRAZZ77N,Azza Lounge Chair w White Cushions,Azza Lounge Chair w White Cushions,Seating,Club Chairs,Active,Outdoor Furniture,Outdoor Furniture,,,
139720,TBCHRMIA77N,Mia Club Chair w cushions,Mia Club Chair w cushions,Seating,Club Chairs,Active,Outdoor Furniture,Outdoor Furniture,,,
139714,TBCHRSON2085,Sonoma Club Chair w Cushion,Sonoma Club Chair w Cushion,Seating,Club Chairs,Active,Outdoor Furniture,Outdoor Furniture,,,
139687,TBCHRVER2085,Veranda Club Chair w cushion,Veranda Club Chair w cushion,Seating,Club Chairs,Active,Outdoor Furniture,Outdoor Furniture,,,
139694,TBCHSBAI2085,Bainbridge Classic Steamer Chair,Bainbridge Classic Steamer Chair,Seating,Chaise Lounges,Active,Outdoor Furniture,Outdoor Furniture,,,
139722,TBCHSMIA77N,Mia Chaise w Cushion,Mia Chaise w Cushion,Seating,Chaise Lounges,Active,Outdoor Furniture,Outdoor Furniture,,,
139705,TBCHSPAL2085,Palms Wavelounger w Cushion,Palms Wavelounger w Cushion,Seating,Chaise Lounges,Active,Outdoor Furniture,Outdoor Furniture,,,
139717,TBCHSSON2085,Sonoma Chaise w Cushion,Sonoma Chaise w Cushion,Seating,Chaise Lounges,Active,Outdoor Furniture,Outdoor Furniture,,,
139693,TBCHSVER2085,Veranda Chaise w Cushion,Veranda Chaise w Cushion,Seating,Chaise Lounges,Active,Outdoor Furniture,Outdoor Furniture,,,
139698,TBCNRPAL2085,Palms Sectional Corner w Cushion,Palms Sectional Corner w Cushion,Seating,Sectionals,Active,Outdoor Furniture,Outdoor Furniture,,,
136785,TBCOFFMIA,Mia Rectangular Coffee Table,Mia Rectangular Coffee Table,Accents,Coffee Tables,Active,Outdoor Furniture,Outdoor Furniture,Mia,Thos Baker,Mia
138987,TBCUS170P1596H,Sectional Armless chair cushion set - Canvas Cocoa,Sectional Armless chair cushion set - Canvas Cocoa,Cushions,Cushions,Active,Textiles,Textiles,Palms,Thos Baker,Palms
139711,TBDTAZZ,Azza Round Teak Dining Table,Azza Round Teak Dining Table,Dining,Dining Tables,Active,Outdoor Furniture,Outdoor Furniture,Azza,,Azza
139697,TBLLSPAL2085,Palms LAF Loveseat w Cushion,Palms LAF Loveseat w Cushion,Seating,Sectionals,Active,Outdoor Furniture,Outdoor Furniture,,,
139701,TBLOTTPAL2085,Palms Sectional Ottoman w Cushion,Palms Sectional Ottoman w Cushion,Seating,Ottomans,Active,Outdoor Furniture,Outdoor Furniture,,,
139710,TBOTTAZZ77N,Azza Ottoman w White Cushions,Azza Ottoman w White Cushions,Seating,Ottomans,Active,Outdoor Furniture,Outdoor Furniture,,,
139721,TBOTTMIA77N,Mia Ottoman w Cushion,Mia Ottoman w Cushion,Seating,Ottomans,Active,Outdoor Furniture,Outdoor Furniture,,,
139704,TBOTTPAL2085,Palms Ottoman w Cushion,Palms Ottoman w Cushion,Seating,Ottomans,Active,Outdoor Furniture,Outdoor Furniture,,,
139716,TBOTTSON2085,Sonoma Ottoman w Cushion,Sonoma Ottoman w Cushion,Seating,Ottomans,Active,Outdoor Furniture,Outdoor Furniture,,,
131177,TBOTTVER2085,Veranda Ottoman with White Cushion,Veranda Ottoman with White Cushion,Ottomans,Ottomans,Active,Seating,Seating,,,
139706,TBPRCHSPAL2085,Palms Wavelounger (pair) w Cushions,Palms Wavelounger (pair) w Cushions,Seating,Chaise Lounges,Active,Outdoor Furniture,Outdoor Furniture,,,
136787,TBRCTDTMIA,Mia Rectangular Dining Table,Mia Rectangular Dining Table,Dining,Dining Tables,Active,Outdoor Furniture,Outdoor Furniture,Mia,Thos Baker,Mia
136786,TBRDTMIA,Mia Round Dining Table,Mia Round Dining Table,Dining,Dining Tables,Active,Outdoor Furniture,Outdoor Furniture,Mia,Thos Baker,Mia
139715,TBRKRSON2085,Sonoma Rocker w Cushion,Sonoma Rocker w Cushion,Seating,Rockers,Active,Outdoor Furniture,Outdoor Furniture,,,
139708,TBRLSAZZ77N,Azza RAF Loveseat w White Cushions,Azza RAF Loveseat w White Cushions,Seating,Sectionals,Active,Outdoor Furniture,Outdoor Furniture,,,
139696,TBRLSPAL2085,Palms RAF Loveseat w Cushion,Palms RAF Loveseat w Cushion,Seating,Sectionals,Active,Outdoor Furniture,Outdoor Furniture,,,
139723,TBSCHRMIA77N,Mia Side Chair w Cushion,Mia Side Chair w Cushion,Dining,Dining Side Chairs,Active,Outdoor Furniture,Outdoor Furniture,,,
139702,TBSCHRPAL2085,Palms Side Chair w Cushion,Palms Side Chair w Cushion,Dining,Dining Side Chairs,Active,Outdoor Furniture,Outdoor Furniture,,,
139690,TBSCHRVER2085,Veranda Side Chair w Cushion,Veranda Side Chair w Cushion,Dining,Dining Side Chairs,Active,Outdoor Furniture,Outdoor Furniture,,,
139700,TBSLPRCHRPAL2085,Palms Sectional Armless Chair w Cushion,Palms Sectional Armless Chair w Cushion,Seating,Sectionals,Active,Outdoor Furniture,Outdoor Furniture,,,
136788,TBSQDTMIA,Mia Square Dining Table,Mia Square Dining Table,Dining,Dining Tables,Active,Outdoor Furniture,Outdoor Furniture,Mia,Thos Baker,Mia
136784,TBSTBLMIA,Mia Side Table,Mia Side Table,Accents,Side Tables,Active,Outdoor Furniture,Outdoor Furniture,Mia,Thos Baker,Mia
